method,__init__,1,8,,,,
method,get_name,1,3,,,,
method,get_grid,1,3,,,,
method,get_row_col,1,4,,,,
method,get_start,1,3,,,,
method,reset,1,3,,,,
method,get_goal,1,3,,,,
method,get_grid_height,1,3,,,,
method,get_grid_width,1,3,,,,
method,get_actions,1,13,,,,
method,is_terminal,1,3,,,,
method,step,1,20,,,,17
class,GridEnvironment:,1,85,,grid,6.133333333,
method,render,1,15,,,,
method,render,2,0,,,,
class,GridWorld(GridEnvironment):,2,9,,,,
method,__init__,2,8,,,,
method,__init__,3,0,,,,3
method,__init__,3,18,,,,
method,choose_action,3,21,,,,
method,update_q_table,3,11,,,,
method,estabilized,3,10,,,,
method,print_policy,3,25,,,,
method,run_episodes,3,59,,,,
method,train,3,12,,,,3
class,QLearningAgent:,3,174,,q,19.22222222,
method,test,3,17,,,,
