method,__init__,1,18
method,forward,1,10
method,save_model,1,3
class,Critic(torch.nn.Module):,1,38
method,load_model,1,4
method,load_model,2,2
method,__init__,2,18
method,forward,2,9
method,save_model,2,3
class,Actor(torch.nn.Module):,2,37
method,load_model,2,4
method,load_model,3,0
method,__init__,3,36
method,_update_networks,3,8
method,_add_exploration_noise,3,8
method,_action_scaling,3,9
method,choose_action,3,12
method,save_models,3,6
method,load_models,3,6
class,Agent:,3,134
method,optimize,3,48
